Recall,Precision,F-score
0.4166651013508204,0.34366833360076776,0.37666264422515866
