Accuracy,Recall,Precision,F-score
0.515527950310559,0.3770491803278688,0.3333333333333333,0.3538461538461538
