Accuracy,Recall,Precision,F-score
0.3090909090909091,0.3128834355828221,1.0,0.47663551401869164
