Accuracy,Recall,Precision,F-score
0.21212121212121213,0.21875,0.9722222222222222,0.3571428571428571
